,BOS,Total
configs/feeder_jacket_install,206244715.9436834,943286055.0351182
